,term,year,similar word (word2vec),similarity score (word2vec)
0,fag,2010,faggot,0.8522197008132935
1,fag,2010,fucktard,0.8210440874099731
2,fag,2010,retard,0.785369873046875
3,fag,2010,idiot,0.76170814037323
4,fag,2010,douche,0.7608011960983276
5,fag,2010,loser,0.760587215423584
6,fag,2010,douchebag,0.7311203479766846
7,fag,2010,nerd,0.729347288608551
8,fag,2010,nigger,0.7190412282943726
9,fag,2010,homo,0.7171274423599243
