,term,year,similar word (word2vec),similarity score (word2vec)
0,fag,2020,faggot,0.84764564037323
1,fag,2020,douche,0.8313618898391724
2,fag,2020,fucktard,0.7959688305854797
3,fag,2020,douchebag,0.7819601893424988
4,fag,2020,loser,0.7810066938400269
5,fag,2020,idiot,0.778293251991272
6,fag,2020,retard,0.7543829679489136
7,fag,2020,dumbass,0.741862416267395
8,fag,2020,fat_fuck,0.7322608232498169
9,fag,2020,noob,0.7315518856048584
