,term,year,similar word (word2vec),similarity score (word2vec)
0,fag,2010-2020,faggot,0.8403072357177734
1,fag,2010-2020,douchebag,0.8191044926643372
2,fag,2010-2020,loser,0.8114975690841675
3,fag,2010-2020,fucktard,0.8114832639694214
4,fag,2010-2020,retard,0.8006460666656494
5,fag,2010-2020,twat,0.7913641333580017
6,fag,2010-2020,fat_fuck,0.788327157497406
7,fag,2010-2020,fatass,0.7844506502151489
8,fag,2010-2020,tranny,0.780347466468811
9,fag,2010-2020,idiot,0.7723220586776733
